id,rate
1001,1
1003,5
1005,4
1007,6
1009,1
1011,0
1013,3
1015,33
1017,9
1019,6
1021,1
1023,4
1025,4
1027,1
1029,1
1031,12
1033,23
1035,0
1037,0
1039,7
1041,2
1043,8
1045,8
1047,20
1049,11
1051,6
1053,9
1055,43
1057,2
1059,8
1061,1
1063,6
1065,1
1067,3
1069,10
1071,11
1073,272
1075,4
1077,17
1079,2
1081,17
1083,16
1085,0
1087,3
1089,109
1091,8
1093,8
1095,39
1097,48
1099,1
1101,93
1103,40
1105,3
1107,4
1109,1
1111,4
1113,5
1115,2
1117,4
1119,11
1121,16
1123,5
1125,47
1127,17
1129,0
1131,0
1133,4
2013,0
2016,0
2020,19
2050,1
2060,0
2068,0
2070,0
2090,4
2100,0
2110,1
2122,1
2130,2
2150,1
2164,0
2170,2
2180,0
2185,0
2188,0
2201,0
2220,0
2232,0
2240,0
2261,2
2270,0
2280,0
2282,0
2290,0
4001,0
4003,20
4005,9
4007,9
4009,1
4011,0
4012,0
4013,213
4015,7
4017,4
4019,49
4021,6
4023,2
4025,22
4027,13
5001,21
5003,12
5005,13
5007,14
5009,2
5011,8
5013,1
5015,4
5017,12
5019,3
5021,2
5023,4
5025,0
5027,8
5029,1
5031,35
5033,6
5035,55
5037,6
5039,2
5041,16
5043,4
5045,17
5047,0
5049,3
5051,20
5053,0
5055,9
5057,4
5059,2
5061,3
5063,5
5065,0
5067,8
5069,107
5071,6
5073,3
5075,6
5077,10
5079,1
5081,2
5083,0
5085,13
5087,0
5089,0
5091,3
5093,63
5095,15
5097,0
5099,1
5101,0
5103,3
5105,0
5107,92
5109,3
5111,9
5113,5
5115,4
5117,6
5119,175
5121,3
5123,42
5125,4
5127,0
5129,0
5131,9
5133,0
5135,3
5137,1
5139,15
5141,5
5143,25
5145,7
5147,2
5149,1
6001,26
6003,0
6005,1
6007,2
6009,0
6011,0
6013,10
6015,0
6017,0
6019,6
6021,1
6023,0
6025,2
6027,0
6029,9
6031,0
6033,0
6035,2
6037,172
6039,0
6041,0
6043,0
6045,1
6047,1
6049,0
6051,0
6053,9
6055,0
6057,0
6059,40
6061,3
6063,0
6065,27
6067,15
6069,0
6071,53
6073,58
6075,6
6077,7
6079,2
6081,7
6083,3
6085,22
6087,1
6089,4
6091,0
6093,0
6095,10
6097,3
6099,6
6101,0
6103,2
6105,0
6107,4
6109,0
6111,6
6113,2
6115,3
8001,15
8003,2
8005,18
8007,0
8009,0
8011,1
8013,10
8014,0
8015,1
8017,0
8019,0
8021,0
8023,0
8025,0
8027,0
8029,1
8031,29
8033,0
8035,3
8037,0
8039,0
8041,43
8043,1
8045,3
8047,0
8049,0
8051,1
8053,0
8055,1
8057,1
8059,20
8061,0
8063,0
8065,0
8067,1
8069,10
8071,0
8073,0
8075,0
8077,4
8079,0
8081,1
8083,0
8085,3
8087,1
8089,0
8091,0
8093,1
8095,0
8097,0
8099,2
8101,10
8103,0
8105,0
8107,0
8109,0
8111,0
8113,0
8115,0
8117,1
8119,0
8121,0
8123,2
8125,1
9001,9
9003,18
9005,1
9007,1
9009,9
9011,6
9013,2
9015,0
10001,2
10003,6
10005,2
11001,2
12001,4
12003,0
12005,24
12007,1
12009,14
12011,59
12013,1
12015,4
12017,9
12019,2
12021,4
12023,1
12027,1
12029,0
12031,69
12033,21
12035,0
12037,0
12039,0
12041,1
12043,1
12045,1
12047,0
12049,0
12051,1
12053,9
12055,6
12057,59
12059,1
12061,2
12063,3
12065,0
12067,0
12069,10
12071,21
12073,14
12075,1
12077,0
12079,0
12081,7
12083,13
12085,6
12086,95
12087,2
12089,1
12091,13
12093,1
12095,42
12097,8
12099,43
12101,5
12103,29
12105,22
12107,2
12109,3
12111,1
12113,2
12115,7
12117,8
12119,1
12121,3
12123,1
12125,0
12127,11
12129,1
12131,0
12133,2
13001,3
13003,0
13005,0
13007,0
13009,6
13011,0
13013,2
13015,3
13017,0
13019,0
13021,31
13023,0
13025,0
13027,0
13029,1
13031,2
13033,0
13035,0
13037,1
13039,2
13043,2
13045,7
13047,4
13049,0
13051,15
13053,0
13055,1
13057,8
13059,8
13061,0
13063,79
13065,0
13067,83
13069,1
13071,1
13073,2
13075,0
13077,8
13079,0
13081,1
13083,1
13085,3
13087,0
13089,73
13091,0
13093,2
13095,14
13097,1
13099,1
13101,0
13103,0
13105,1
13107,0
13109,1
13111,4
13113,4
13115,15
13117,5
13119,3
13121,65
13123,0
13125,0
13127,3
13129,8
13131,4
13133,1
13135,46
13137,3
13139,10
13141,0
13143,2
13145,2
13147,0
13149,0
13151,6
13153,17
13155,0
13157,0
13159,0
13161,1
13163,0
13165,0
13167,0
13169,0
13171,2
13173,0
13175,1
13177,2
13179,36
13181,2
13183,1
13185,8
13187,4
13189,4
13191,0
13193,0
13195,0
13197,0
13199,2
13201,0
13205,0
13207,0
13209,0
13211,1
13213,23
13215,48
13217,5
13219,19
13221,0
13223,0
13225,3
13227,9
13229,0
13231,0
13233,4
13235,1
13237,2
13239,0
13241,1
13243,4
13245,27
13247,8
13249,0
13251,0
13253,0
13255,11
13257,1
13259,3
13261,1
13263,0
13265,0
13267,1
13269,5
13271,1
13273,2
13275,2
13277,9
13279,6
13281,0
13283,0
13285,11
13287,1
13289,2
13291,2
13293,2
13295,22
13297,2
13299,5
13301,0
13303,4
13305,2
13307,0
13309,0
13311,0
13313,52
13315,0
13317,2
13319,0
13321,0
15001,0
15003,8
15007,0
15009,0
16001,0
16003,9
16005,0
16007,1
16009,0
16011,0
16013,4
16015,1
16017,0
16019,2
16021,7
16023,0
16025,0
16027,0
16029,3
16031,0
16033,0
16035,0
16037,0
16039,0
16041,3
16043,0
16045,0
16047,0
16049,1
16051,1
16053,0
16055,0
16057,1
16059,0
16061,0
16063,0
16065,0
16067,0
16069,0
16071,2
16073,0
16075,0
16077,1
16079,0
16081,0
16083,0
16085,2
16087,0
17001,1
17003,14
17005,0
17007,0
17009,16
17011,1
17013,12
17015,0
17017,2
17019,3
17021,135
17023,8
17025,3
17027,8
17029,8
17031,21
17033,15781
17035,7
17037,0
17039,39
17041,11
17043,5
17045,1879
17047,7
17049,1
17051,11
17053,9
17055,4
17057,24
17059,5
17061,1
17063,3
17065,17
17067,5
17069,4
17071,0
17073,0
17075,21
17077,16
17079,76
17081,1
17083,31
17085,4
17087,2
17089,21
17091,761
17093,257
17095,20
17097,36
17099,456
17101,55
17103,2
17105,9
17107,11
17109,9
17111,17
17113,93
17115,69
17117,71
17119,17
17121,39
17123,33
17125,7
17127,2
17129,2
17131,1
17133,1
17135,1
17137,5
17139,9
17141,0
17143,8
17145,102
17147,28
17149,6
17151,2
17153,1
17155,11
17157,3
17159,6
17161,4
17163,63
17165,49
17167,31
17169,116
17171,1
17173,0
17175,14
17177,11
17179,19
17181,37
17183,8
17185,87
17187,2
17189,0
17191,1
17193,9
17195,1
17197,33
17199,909
17201,57
17203,226
18001,7
18003,4
18005,216
18007,25
18009,1
18011,5
18013,15
18015,6
18017,11
18019,117
18021,31
18023,14
18025,13
18027,2
18029,6
18031,1
18033,9
18035,51
18037,53
18039,8
18041,144
18043,16
18045,11
18047,21
18049,0
18051,16
18053,8
18055,43
18057,25
18059,49
18061,10
18063,35
18065,101
18067,24
18069,80
18071,11
18073,11
18075,68
18077,2
18079,3
18081,15
18083,77
18085,22
18087,48
18089,5
18091,2715
18093,249
18095,17
18097,42
18099,1106
18101,16
18103,1
18105,12
18107,33
18109,20
18111,14
18113,9
18115,22
18117,0
18119,4
18121,1
18123,7
18125,4
18127,0
18129,905
18131,1
18133,9
18135,7
18137,41
18139,1
18141,1
18143,589
18145,25
18147,37
18149,2
18151,15
18153,20
18155,10
18157,3
18159,74
18161,7
18163,1
18165,55
18167,13
18169,95
18171,61
18173,0
18175,4
18177,0
18179,26
18181,9
18183,7
19001,24
19003,0
19005,0
19007,0
19009,1
19011,0
19013,5
19015,31
19017,1
19019,2
19021,3
19023,4
19025,0
19027,0
19029,0
19031,1
19033,0
19035,7
19037,0
19039,3
19041,1
19043,1
19045,2
19047,10
19049,4
19051,1
19053,0
19055,2
19057,2
19059,22
19061,0
19063,30
19065,0
19067,3
19069,0
19071,0
19073,0
19075,1
19077,0
19079,0
19081,0
19083,0
19085,3
19087,0
19089,6
19091,0
19093,0
19095,1
19097,4
19099,2
19101,2
19103,1
19105,31
19107,0
19109,0
19111,0
19113,7
19115,71
19117,0
19119,1
19121,0
19123,0
19125,0
19127,2
19129,7
19131,1
19133,0
19135,0
19137,0
19139,1
19141,1
19143,1
19145,1
19147,2
19149,1
19151,2
19153,1
19155,53
19157,4
19159,2
19161,0
19163,0
19165,28
19167,0
19169,0
19171,5
19173,0
19175,0
19177,0
19179,1
19181,3
19183,2
19185,0
19187,2
19189,2
19191,0
19193,0
19195,9
19197,0
20001,0
20003,2
20005,2
20007,0
20009,0
20011,3
20013,0
20015,0
20017,5
20019,0
20021,0
20023,0
20025,0
20027,0
20029,0
20031,0
20033,0
20035,2
20037,2
20039,3
20041,0
20043,3
20045,0
20047,1
20049,0
20051,0
20053,0
20055,0
20057,4
20059,1
20061,3
20063,8
20065,0
20067,0
20069,0
20071,0
20073,0
20075,0
20077,0
20079,0
20081,0
20083,0
20085,0
20087,0
20089,1
20091,0
20093,29
20095,1
20097,0
20099,0
20101,1
20103,0
20105,4
20107,0
20109,0
20111,0
20113,1
20115,0
20117,0
20119,1
20121,0
20123,1
20125,0
20127,6
20129,0
20131,0
20133,0
20135,0
20137,0
20139,0
20141,2
20143,0
20145,0
20147,0
20149,0
20151,0
20153,2
20155,0
20157,4
20159,0
20161,0
20163,19
20165,0
20167,0
20169,0
20171,3
20173,0
20175,25
20177,3
20179,27
20181,0
20183,0
20185,0
20187,0
20189,0
20191,0
20193,1
20195,0
20197,0
20199,0
20201,0
20203,0
20205,0
20207,0
20209,0
21001,7
21003,7
21005,2
21007,0
21009,5
21011,9
21013,0
21015,22
21017,19
21019,6
21021,25
21023,9
21025,0
21027,4
21029,0
21031,13
21033,5
21035,8
21037,26
21039,2
21041,1
21043,1
21045,6
21047,2
21049,44
21051,7
21053,8
21055,2
21057,10
21059,1
21061,38
21063,4
21065,0
21067,10
21069,66
21071,2
21073,9
21075,24
21077,18
21079,0
21081,0
21083,5
21085,16
21087,4
21089,6
21091,1
21093,5
21095,43
21097,10
21099,8
21101,2
21103,15
21105,2
21107,0
21109,16
21111,4
21113,186
21115,3
21117,12
21119,3
21121,3
21123,3
21125,5
21127,11
21129,0
21131,2
21133,5
21135,8
21137,2
21139,2
21141,9
21143,6
21145,3
21147,70
21149,8
21151,0
21153,23
21155,4
21157,3
21159,4
21161,3
21163,1
21165,3
21167,1
21169,3
21171,5
21173,0
21175,9
21177,3
21179,39
21181,9
21183,0
21185,6
21187,5
21189,1
21191,2
21193,3
21195,32
21197,11
21199,1
21201,20
21203,0
21205,2
21207,31
21209,10
21211,3
21213,3
21215,0
21217,0
21219,10
21221,1
21223,0
21225,2
21227,2
21229,11
21231,4
21233,5
21235,11
21237,28
21239,9
22001,10
22003,0
22005,2
22007,5
22009,1
22011,3
22013,2
22015,2
22017,15
22019,66
22021,11
22023,0
22025,0
22027,1
22029,4
22031,9
22033,0
22035,65
22037,1
22039,0
22041,2
22043,6
22045,0
22047,1
22049,2
22051,2
22053,63
22055,1
22057,10
22059,2
22061,5
22063,16
22065,3
22067,10
22069,10
22071,1
22073,13
22075,35
22077,1
22079,2
22081,20
22083,0
22085,5
22087,1
22089,15
22091,3
22093,0
22095,0
22097,6
22099,3
22101,10
22103,5
22105,18
22107,22
22109,0
22111,3
22113,5
22115,1
22117,31
22119,6
22121,2
22123,0
22125,1
22127,0
23001,0
23003,1
23005,2
23007,3
23009,0
23011,1
23013,2
23015,0
23017,0
23019,1
23021,2
23023,2
23025,0
23027,2
23029,0
23031,1
24001,1
24003,1
24005,5
24009,8
24011,0
24013,0
24015,0
24017,1
24019,2
24021,0
24023,1
24025,0
24027,2
24029,0
24031,0
24033,4
24035,14
24037,0
24039,2
24041,0
24043,1
24045,3
24047,1
24510,1
25001,4
25003,1
25005,1
25007,1
25009,0
25011,6
25013,2
25015,75
25017,1
25019,9
25021,0
25023,6
25025,0
25027,1
26001,5
26003,0
26005,1
26007,10
26009,1
26011,0
26013,0
26015,0
26017,8
26019,2
26021,0
26023,89
26025,8
26027,23
26029,13
26031,0
26033,1
26035,1
26037,9
26039,1
26041,1
26043,7
26045,3
26047,6
26049,1
26051,35
26053,0
26055,0
26057,8
26059,1
26061,2
26063,1
26065,3
26067,37
26069,7
26071,1
26073,3
26075,1
26077,6
26079,63
26081,0
26083,44
26085,0
26087,2
26089,1
26091,0
26093,1
26095,0
26097,1
26099,1
26101,32
26103,4
26105,7
26107,1
26109,6
26111,5
26113,3
26115,1
26117,5
26119,7
26121,0
26123,20
26125,3
26127,39
26129,3
26131,1
26133,0
26135,1
26137,0
26139,1
26141,8
26143,0
26145,0
26147,18
26149,6
26151,13
26153,0
26155,1
26157,2
26159,2
26161,19
26163,5
26165,62
27001,1
27003,3
27005,18
27007,2
27009,3
27011,3
27013,1
27015,8
27017,2
27019,5
27021,0
27023,5
27025,0
27027,1
27029,0
27031,2
27033,0
27035,0
27037,3
27039,19
27041,1
27043,1
27045,1
27047,1
27049,8
27051,1
27053,0
27055,249
27057,2
27059,0
27061,6
27063,1
27065,0
27067,2
27069,2
27071,0
27073,1
27075,0
27077,0
27079,0
27081,1
27083,0
27085,0
27087,0
27089,0
27091,0
27093,1
27095,1
27097,3
27099,1
27101,3
27103,0
27105,4
27107,0
27109,0
27111,7
27113,0
27115,1
27117,5
27119,0
27121,2
27123,1
27125,18
27127,0
27129,1
27131,0
27133,7
27135,1
27137,0
27139,14
27141,4
27143,7
27145,0
27147,8
27149,2
27151,0
27153,0
27155,2
27157,0
27159,3
27161,0
27163,3
27165,17
27167,0
27169,0
27171,5
27173,1
28001,0
28003,50
28005,60
28007,0
28009,81
28011,7
28013,272
28015,14
28017,3
28019,16
28021,24
28023,11
28025,17
28027,110
28029,447
28031,35
28033,6
28035,74
28037,38
28039,0
28041,1
28043,2
28045,111
28047,5
28049,54
28051,296
28053,60
28055,17
28057,0
28059,30
28061,16
28063,14
28065,0
28067,27
28069,82
28071,9
28073,19
28075,3
28077,80
28079,4
28081,13
28083,83
28085,291
28087,68
28089,91
28091,165
28093,19
28095,69
28097,55
28099,36
28101,17
28103,2
28105,7
28107,40
28109,88
28111,10
28113,0
28115,33
28117,31
28119,26
28121,21
28123,66
28125,33
28127,3
28129,7
28131,3
28133,4
28135,113
28137,69
28139,28
28141,98
28143,8
28145,55
28147,28
28149,6
28151,42
28153,236
28155,24
28157,4
28159,0
28161,44
28163,10
29001,155
29003,1
29005,0
29007,0
29009,2
29011,0
29013,2
29015,0
29017,1
29019,0
29021,5
29023,7
29025,11
29027,0
29029,4
29031,2
29033,8
29035,0
29037,0
29039,3
29041,0
29043,0
29045,4
29047,0
29049,8
29051,1
29053,13
29055,0
29057,1
29059,0
29061,2
29063,0
29065,0
29067,1
29069,1
29071,7
29073,6
29075,0
29077,0
29079,22
29081,0
29083,1
29085,4
29087,1
29089,0
29091,1
29093,5
29095,1
29097,31
29099,1
29101,9
29103,3
29105,0
29107,1
29109,2
29111,1
29113,1
29115,0
29117,0
29119,0
29121,0
29123,2
29125,0
29127,0
29129,4
29131,0
29133,1
29135,1
29137,0
29139,0
29141,1
29143,0
29145,2
29147,0
29149,0
29151,0
29153,2
29155,0
29157,5
29159,0
29161,6
29163,6
29165,2
29167,2
29169,2
29171,7
29173,0
29175,1
29177,0
29179,1
29181,0
29183,0
29185,13
29186,0
29187,0
29189,2
29195,51
29197,2
29199,0
29201,0
29203,21
29205,0
29207,0
29209,6
29211,1
29213,0
29215,3
29217,5
29219,2
29221,3
29223,1
29225,1
29227,0
29229,0
29510,1
30001,13
30003,0
30005,2
30007,0
30009,0
30011,0
30013,0
30015,14
30017,0
30019,0
30021,1
30023,1
30025,1
30027,0
30029,0
30031,4
30033,3
30035,0
30037,1
30039,0
30041,0
30043,1
30045,0
30047,0
30049,0
30051,1
30053,0
30055,0
30057,0
30059,1
30061,0
30063,0
30065,6
30067,0
30069,1
30071,0
30073,0
30075,0
30077,0
30079,0
30081,0
30083,2
30085,0
30087,0
30089,0
30091,0
30093,0
30095,0
30097,0
30099,0
30101,0
30103,0
30105,0
30107,1
30109,0
30111,0
31001,13
31003,4
31005,0
31007,0
31009,0
31011,0
31013,0
31015,2
31017,0
31019,0
31021,4
31023,0
31025,0
31027,0
31029,0
31031,0
31033,1
31035,5
31037,0
31039,0
31041,0
31043,0
31045,3
31047,0
31049,2
31051,0
31053,0
31055,8
31057,20
31059,0
31061,0
31063,0
31065,0
31067,0
31069,1
31071,0
31073,0
31075,0
31077,0
31079,1
31081,3
31083,0
31085,0
31087,0
31089,0
31091,1
31093,0
31095,0
31097,0
31099,0
31101,0
31103,0
31105,0
31107,0
31109,0
31111,14
31113,10
31115,0
31117,0
31119,0
31121,8
31123,0
31125,0
31127,0
31129,0
31131,0
31133,0
31135,0
31137,0
31139,0
31141,0
31143,1
31145,0
31147,0
31149,1
31151,0
31153,0
31155,6
31157,0
31159,6
31161,0
31163,0
31165,0
31167,1
31169,0
31171,1
31173,0
31175,0
31177,0
31179,0
31181,0
31183,0
31185,0
32001,1
32003,3
32005,64
32007,1
32009,1
32011,0
32013,0
32015,2
32017,0
32019,0
32021,3
32023,0
32027,1
32029,0
32031,0
32033,14
32510,1
33001,13
33003,0
33005,1
33007,0
33009,0
33011,0
33013,0
33015,3
33017,9
33019,0
34001,1
34003,3
34005,0
34007,0
34009,0
34011,0
34013,0
34015,1
34017,1
34019,4
34021,0
34023,1
34025,2
34027,3
34029,1
34031,1
34033,1
34035,1
34037,1
34039,0
34041,1
35001,0
35003,27
35005,1
35006,3
35007,0
35009,0
35011,6
35013,0
35015,6
35017,2
35019,1
35021,0
35023,0
35025,0
35027,3
35028,1
35029,2
35031,1
35033,1
35035,0
35037,4
35039,1
35041,1
35043,0
35045,4
35047,5
35049,0
35051,5
35053,0
35055,0
35057,1
35059,0
35061,0
36001,0
36003,1
36005,1
36007,3
36009,2
36011,0
36013,1
36015,3
36017,0
36019,1
36021,0
36023,1
36025,1
36027,0
36029,1
36031,14
36033,0
36035,0
36037,1
36039,0
36041,0
36043,0
36045,5
36047,0
36049,1
36051,0
36053,0
36055,0
36057,6
36059,0
36061,14
36063,10
36065,3
36067,1
36069,2
36071,1
36073,3
36075,0
36077,0
36079,1
36081,0
36083,0
36085,1
36087,1
36089,2
36091,0
36093,0
36095,0
36097,0
36099,0
36101,0
36103,2
36105,4
36107,1
36109,1
36111,1
36113,1
36115,0
36117,0
36119,0
36121,6
36123,0
37001,0
37003,2
37005,1
37007,0
37009,0
37011,5
37013,0
37015,0
37017,0
37019,1
37021,0
37023,2
37025,1
37027,5
37029,9
37031,0
37033,5
37035,0
37037,7
37039,1
37041,0
37043,0
37045,0
37047,3
37049,0
37051,5
37053,49
37055,0
37057,0
37059,7
37061,0
37063,0
37065,1
37067,1
37069,7
37071,0
37073,8
37075,0
37077,0
37079,0
37081,1
37083,10
37085,0
37087,0
37089,3
37091,2
37093,0
37095,1
37097,0
37099,4
37101,0
37103,1
37105,0
37107,1
37109,0
37111,4
37113,0
37115,2
37117,0
37119,3
37121,21
37123,1
37125,1
37127,4
37129,2
37131,4
37133,0
37135,40
37137,4
37139,1
37141,2
37143,7
37145,0
37147,0
37149,3
37151,0
37153,4
37155,1
37157,4
37159,4
37161,4
37163,4
37165,1
37167,0
37169,1
37171,0
37173,1
37175,1
37177,0
37179,0
37181,11
37183,1
37185,7
37187,0
37189,0
37191,0
37193,4
37195,3
37197,2
37199,0
38001,0
38003,0
38005,0
38007,0
38009,0
38011,1
38013,0
38015,0
38017,1
38019,7
38021,0
38023,0
38025,0
38027,0
38029,0
38031,0
38033,0
38035,0
38037,4
38039,0
38041,0
38043,0
38045,0
38047,0
38049,0
38051,0
38053,0
38055,0
38057,1
38059,2
38061,0
38063,0
38065,0
38067,0
38069,0
38071,1
38073,0
38075,0
38077,0
38079,0
38081,0
38083,0
38085,0
38087,0
38089,0
38091,3
38093,0
38095,0
38097,0
38099,0
38101,0
38103,11
38105,0
39001,0
39003,3
39005,14
39007,39
39009,5
39011,4
39013,8
39015,3
39017,2
39019,39
39021,3
39023,9
39025,18
39027,23
39029,6
39031,3
39033,1
39035,6
39037,38
39039,2
39041,3
39043,3
39045,12
39047,3
39049,21
39051,156
39053,9
39055,30
39057,7
39059,25
39061,2
39063,72
39065,8
39067,0
39069,0
39071,0
39073,7
39075,7
39077,1
39079,4
39081,8
39083,4
39085,1
39087,23
39089,12
39091,16
39093,14
39095,34
39097,26
39099,2
39101,36
39103,16
39105,9
39107,2
39109,4
39111,34
39113,0
39115,69
39117,1
39119,0
39121,2
39123,1
39125,0
39127,2
39129,1
39131,3
39133,5
39135,8
39137,6
39139,2
39141,29
39143,5
39145,4
39147,11
39149,4
39151,20
39153,17
39155,20
39157,8
39159,2
39161,4
39163,2
39165,0
39167,20
39169,1
39171,18
39173,6
39175,13
40001,0
40003,0
40005,0
40007,1
40009,0
40011,0
40013,0
40015,2
40017,0
40019,4
40021,0
40023,0
40025,0
40027,0
40029,4
40031,0
40033,21
40035,0
40037,1
40039,2
40041,1
40043,1
40045,0
40047,0
40049,0
40051,0
40053,0
40055,0
40057,0
40059,0
40061,0
40063,0
40065,0
40067,4
40069,0
40071,0
40073,1
40075,0
40077,0
40079,0
40081,1
40083,1
40085,0
40087,0
40089,0
40091,4
40093,0
40095,0
40097,0
40099,11
40101,0
40103,5
40105,0
40107,0
40109,0
40111,58
40113,2
40115,1
40117,1
40119,0
40121,2
40123,0
40125,7
40127,4
40129,0
40131,0
40133,5
40135,1
40137,1
40139,9
40141,1
40143,0
40145,44
40147,1
40149,4
40151,0
40153,1
41001,1
41003,0
41005,1
41007,7
41009,0
41011,0
41013,1
41015,0
41017,0
41019,2
41021,4
41023,0
41025,0
41027,0
41029,1
41031,3
41033,0
41035,1
41037,1
41039,0
41041,2
41043,0
41045,1
41047,2
41049,5
41051,0
41053,6
41055,0
41057,0
41059,0
41061,0
41063,2
41065,0
41067,0
41069,1
41071,0
42001,0
42003,2
42005,23
42007,0
42009,9
42011,1
42013,7
42015,4
42017,0
42019,8
42021,3
42023,0
42025,0
42027,1
42029,1
42031,4
42033,1
42035,5
42037,1
42039,1
42041,1
42043,4
42045,2
42047,3
42049,1
42051,7
42053,6
42055,0
42057,4
42059,0
42061,1
42063,0
42065,2
42067,0
42069,1
42071,1
42073,9
42075,3
42077,3
42079,2
42081,8
42083,2
42085,0
42087,0
42089,0
42091,3
42093,3
42095,0
42097,0
42099,1
42101,0
42103,9
42105,0
42107,0
42109,0
42111,1
42113,2
42115,0
42117,6
42119,0
42121,0
42123,2
42125,1
42127,13
42129,1
42131,5
42133,0
44001,3
44003,0
44005,0
44007,1
44009,3
45001,1
45003,0
45005,4
45007,0
45009,8
45011,0
45013,0
45015,9
45017,5
45019,0
45021,18
45023,1
45025,2
45027,1
45029,0
45031,1
45033,11
45035,1
45037,1
45039,0
45041,0
45043,3
45045,0
45047,13
45049,3
45051,0
45053,5
45055,1
45057,2
45059,4
45061,1
45063,4
45065,6
45067,0
45069,1
45071,3
45073,1
45075,1
45077,5
45079,0
45081,13
45083,0
45085,8
45087,7
45089,2
45091,0
46003,7
46005,0
46007,0
46009,0
46011,1
46013,2
46015,2
46017,0
46019,0
46021,1
46023,0
46025,0
46027,0
46029,0
46031,1
46033,0
46035,0
46037,1
46039,0
46041,0
46043,0
46045,0
46047,0
46049,0
46051,0
46053,0
46055,0
46057,0
46059,0
46061,0
46063,0
46065,0
46067,0
46069,0
46071,0
46073,0
46075,0
46077,0
46079,0
46081,0
46083,1
46085,0
46087,0
46089,0
46091,0
46093,0
46095,0
46097,0
46099,0
46101,6
46103,0
46105,10
46107,0
46109,0
46111,0
46113,0
46115,0
46117,1
46119,1
46121,0
46123,0
46125,3
46127,5
46129,1
46135,0
46137,0
47001,0
47003,11
47005,10
47007,7
47009,0
47011,10
47013,6
47015,6
47017,0
47019,15
47021,5
47023,2
47025,5
47027,4
47029,1
47031,5
47033,6
47035,2
47037,5
47039,76
47041,2
47043,1
47045,6
47047,17
47049,1
47051,1
47053,9
47055,14
47057,5
47059,0
47061,4
47063,1
47065,4
47067,62
47069,0
47071,6
47073,8
47075,1
47077,2
47079,8
47081,26
47083,6
47085,2
47087,4
47089,0
47091,7
47093,0
47095,64
47097,1
47099,4
47101,2
47103,1
47105,1
47107,3
47109,12
47111,15
47113,3
47115,44
47117,6
47119,1
47121,7
47123,2
47125,12
47127,22
47129,0
47131,3
47133,14
47135,1
47137,2
47139,1
47141,7
47143,3
47145,3
47147,10
47149,7
47151,16
47153,2
47155,0
47157,15
47159,362
47161,1
47163,1
47165,8
47167,4
47169,11
47171,0
47173,1
47175,0
47177,2
47179,3
47181,12
47183,2
47185,6
47187,4
47189,5
48001,11
48003,1
48005,0
48007,3
48009,0
48011,0
48013,0
48015,0
48017,0
48019,1
48021,2
48023,0
48025,0
48027,2
48029,61
48031,64
48033,2
48035,0
48037,2
48039,12
48041,15
48043,15
48045,1
48047,0
48049,0
48051,0
48053,0
48055,1
48057,0
48059,0
48061,0
48063,7
48065,0
48067,0
48069,4
48071,0
48073,0
48075,4
48077,0
48079,0
48081,1
48083,0
48085,0
48087,12
48089,0
48091,0
48093,1
48095,2
48097,0
48099,3
48101,13
48103,0
48105,0
48107,0
48109,0
48111,0
48113,0
48115,156
48117,0
48119,1
48121,1
48123,11
48125,1
48127,0
48129,0
48131,0
48133,0
48135,1
48137,1
48139,0
48141,3
48143,34
48145,2
48147,0
48149,2
48151,0
48153,0
48155,0
48157,0
48159,8
48161,0
48163,1
48165,0
48167,0
48169,9
48171,0
48173,0
48175,0
48177,0
48179,0
48181,0
48183,4
48185,8
48187,0
48189,1
48191,1
48193,0
48195,0
48197,0
48199,0
48201,1
48203,164
48205,2
48207,0
48209,0
48211,0
48213,0
48215,2
48217,6
48219,0
48221,0
48223,0
48225,1
48227,0
48229,3
48231,0
48233,4
48235,0
48237,0
48239,0
48241,0
48243,1
48245,0
48247,13
48249,0
48251,1
48253,10
48255,0
48257,0
48259,2
48261,0
48263,0
48265,0
48267,0
48269,0
48271,0
48273,0
48275,1
48277,0
48279,1
48281,0
48283,3
48285,0
48287,0
48289,3
48291,3
48293,3
48295,0
48297,0
48299,0
48301,0
48303,0
48305,9
48307,0
48309,0
48311,17
48313,0
48315,0
48317,0
48319,0
48321,0
48323,1
48325,1
48327,1
48329,0
48331,1
48333,0
48335,0
48337,0
48339,2
48341,4
48343,0
48345,0
48347,0
48349,3
48351,2
48353,0
48355,1
48357,15
48359,0
48361,0
48363,2
48365,1
48367,1
48369,2
48371,0
48373,0
48375,2
48377,7
48379,0
48381,0
48383,1
48385,0
48387,0
48389,1
48391,0
48393,0
48395,0
48397,0
48399,1
48401,0
48403,0
48405,1
48407,3
48409,1
48411,2
48413,0
48415,0
48417,0
48419,0
48421,2
48423,1
48425,11
48427,0
48429,1
48431,0
48433,0
48435,0
48437,0
48439,1
48441,63
48443,10
48445,0
48447,0
48449,0
48451,1
48453,3
48455,23
48457,0
48459,0
48461,1
48463,0
48465,0
48467,1
48469,3
48471,0
48473,0
48475,0
48477,0
48479,3
48481,12
48483,4
48485,0
48487,8
48489,0
48491,0
48493,1
48495,0
48497,1
48499,2
48501,4
48503,0
48505,1
48507,0
49001,0
49003,0
49005,0
49007,1
49009,0
49011,0
49013,1
49015,0
49017,0
49019,0
49021,0
49023,0
49025,2
49027,0
49029,0
49031,1
49033,0
49035,0
49037,24
49039,0
49041,0
49043,0
49045,0
49047,0
49049,0
49051,17
49053,0
49055,2
49057,0
50001,5
50003,0
50005,0
50007,0
50009,3
50011,0
50013,0
50015,0
50017,0
50019,0
50021,0
50023,0
50025,1
50027,0
51001,0
51003,1
51005,2
51007,1
51009,1
51011,0
51013,1
51015,0
51017,0
51019,0
51021,2
51023,1
51025,3
51027,0
51029,4
51031,0
51033,0
51035,0
51036,1
51037,0
51041,1
51043,11
51045,0
51047,0
51049,1
51051,1
51053,1
51057,0
51059,0
51061,3
51063,1
51065,0
51067,0
51069,1
51071,1
51073,0
51075,1
51077,0
51079,2
51081,2
51083,0
51085,0
51087,6
51089,0
51091,3
51093,0
51095,5
51097,0
51099,0
51101,0
51103,0
51105,0
51107,2
51109,1
51111,0
51113,0
51115,0
51117,0
51119,1
51121,0
51125,5
51127,0
51131,0
51133,0
51135,1
51137,0
51139,0
51141,1
51143,2
51145,0
51147,0
51149,1
51153,0
51155,4
51157,1
51159,0
51161,0
51163,2
51165,2
51167,1
51169,1
51171,1
51173,1
51175,2
51177,0
51179,0
51181,5
51183,0
51185,2
51187,7
51191,0
51193,0
51195,1
51197,2
51199,1
51510,2
51515,9
51520,0
51530,3
51540,0
51550,0
51570,0
51580,6
51590,0
51595,1
51600,2
51610,2
51620,0
51630,0
51640,0
51650,0
51660,34
51670,0
51678,0
51680,0
51683,3
51685,3
51690,2
51700,2
51710,19
51720,41
51730,3
51735,1
51740,0
51750,1
51760,0
51770,7
51775,4
51790,1
51800,0
51810,0
51820,18
51830,1
51840,0
53001,0
53003,0
53005,0
53007,3
53009,2
53011,2
53013,8
53015,0
53017,0
53019,0
53021,1
53023,2
53025,0
53027,0
53029,1
53031,1
53033,0
53035,36
53037,16
53039,0
53041,0
53043,6
53045,0
53047,0
53049,1
53051,0
53053,1
53055,24
53057,0
53059,6
53061,0
53063,9
53065,20
53067,1
53069,5
53071,0
53073,3
53075,2
53077,0
54001,6
54003,0
54005,2
54007,3
54009,3
54011,1
54013,22
54015,0
54017,0
54019,3
54021,5
54023,0
54025,0
54027,3
54029,0
54031,0
54033,0
54035,21
54037,3
54039,0
54041,28
54043,3
54045,2
54047,14
54049,5
54051,5
54053,2
54055,1
54057,7
54059,0
54061,5
54063,5
54065,0
54067,0
54069,5
54071,3
54073,1
54075,1
54077,0
54079,4
54081,3
54083,12
54085,3
54087,1
54089,2
54091,0
54093,0
54095,0
54097,0
54099,3
54101,2
54103,1
54105,3
54107,0
54109,11
55001,4
55003,15
55005,1
55007,12
55009,0
55011,68
55013,1
55015,2
55017,1
55019,1
55021,5
55023,12
55025,3
55027,110
55029,26
55031,2
55033,6
55035,3
55037,26
55039,1
55041,29
55043,1
55045,17
55047,8
55049,1
55051,7
55053,4
55055,5
55057,7
55059,7
55061,124
55063,0
55065,37
55067,1
55069,5
55071,32
55073,8
55075,6
55077,25
55078,6
55079,0
55081,394
55083,8
55085,14
55087,11
55089,34
55091,3
55093,0
55095,2
55097,1
55099,8
55101,7
55103,102
55105,3
55107,81
55109,2
55111,8
55113,29
55115,6
55117,15
55119,21
55121,2
55123,2
55125,3
55127,8
55129,70
55131,7
55133,35
55135,89
55137,2
55139,11
55141,21
56001,23
56003,2
56005,0
56007,2
56009,0
56011,0
56013,0
56015,0
56017,0
56019,0
56021,0
56023,9
56025,0
56027,6
56029,0
56031,1
56033,0
56035,4
56037,1
56039,1
56041,2
56043,0
56045,0
72001,1
72003,
72005,
72007,
72009,
72011,
72013,
72015,
72017,
72019,
72021,
72023,
72025,
72027,
72029,
72031,
72033,
72035,
72037,
72039,
72041,
72043,
72045,
72047,
72049,
72051,
72053,
72054,
72055,
72057,
72059,
72061,
72063,
72065,
72067,
72069,
72071,
72073,
72075,
72077,
72079,
72081,
72083,
72085,
72087,
72089,
72091,
